-- phpMyAdmin SQL Dump
-- version 4.9.2
-- https://www.phpmyadmin.net/
--
-- Host: 127.0.0.1
-- Waktu pembuatan: 14 Agu 2020 pada 15.40
-- Versi server: 10.4.10-MariaDB
-- Versi PHP: 7.3.12

SET SQL_MODE = "NO_AUTO_VALUE_ON_ZERO";
SET AUTOCOMMIT = 0;
START TRANSACTION;
SET time_zone = "+00:00";


/*!40101 SET @OLD_CHARACTER_SET_CLIENT=@@CHARACTER_SET_CLIENT */;
/*!40101 SET @OLD_CHARACTER_SET_RESULTS=@@CHARACTER_SET_RESULTS */;
/*!40101 SET @OLD_COLLATION_CONNECTION=@@COLLATION_CONNECTION */;
/*!40101 SET NAMES utf8mb4 */;

--
-- Database: `monitoringphturbidity`
--

-- --------------------------------------------------------

--
-- Struktur dari tabel `admin`
--

CREATE TABLE `admin` (
  `userid` int(10) NOT NULL,
  `nama` varchar(50) NOT NULL,
  `username` varchar(50) NOT NULL,
  `password` varchar(50) NOT NULL
) ENGINE=InnoDB DEFAULT CHARSET=latin1;

--
-- Dumping data untuk tabel `admin`
--

INSERT INTO `admin` (`userid`, `nama`, `username`, `password`) VALUES
(1, 'Admin', 'admin', '1234'),
(2, 'pukeng', 'saya', '1234');

-- --------------------------------------------------------

--
-- Struktur dari tabel `data`
--

CREATE TABLE `data` (
  `no` int(11) NOT NULL,
  `id_pelanggan` int(11) NOT NULL,
  `tanggal` varchar(50) NOT NULL,
  `waktu` varchar(50) NOT NULL,
  `ph` varchar(50) NOT NULL,
  `turbidity` varchar(50) NOT NULL
) ENGINE=InnoDB DEFAULT CHARSET=latin1;

--
-- Dumping data untuk tabel `data`
--

INSERT INTO `data` (`no`, `id_pelanggan`, `tanggal`, `waktu`, `ph`, `turbidity`) VALUES
(1, 2, '2020-08-14', '20:30:36', '7.79', '64'),
(2, 2, '2020-08-14', '20:30:51', '7.79', '63'),
(3, 2, '2020-08-14', '20:31:06', '7.79', '63'),
(4, 2, '2020-08-14', '20:31:21', '7.79', '65'),
(5, 2, '2020-08-14', '20:31:36', '7.79', '63'),
(6, 2, '2020-08-14', '20:31:52', '7.79', '63'),
(7, 2, '2020-08-14', '20:32:07', '7.79', '63'),
(8, 2, '2020-08-14', '20:32:22', '7.79', '63'),
(9, 2, '2020-08-14', '20:32:37', '7.79', '64'),
(10, 2, '2020-08-14', '20:32:52', '7.80', '64'),
(11, 2, '2020-08-14', '20:33:07', '7.80', '64'),
(12, 2, '2020-08-14', '20:33:22', '7.80', '64'),
(13, 2, '2020-08-14', '20:33:37', '7.80', '64'),
(14, 2, '2020-08-14', '20:33:52', '7.79', '64'),
(15, 2, '2020-08-14', '20:34:06', '7.79', '64'),
(16, 2, '2020-08-14', '20:34:22', '7.79', '64'),
(17, 2, '2020-08-14', '20:34:37', '7.79', '64'),
(18, 2, '2020-08-14', '20:34:52', '7.79', '65'),
(19, 2, '2020-08-14', '20:35:07', '7.78', '64'),
(20, 2, '2020-08-14', '20:35:22', '7.78', '64'),
(21, 2, '2020-08-14', '20:35:37', '7.79', '63'),
(22, 2, '2020-08-14', '20:35:52', '7.79', '65'),
(23, 2, '2020-08-14', '20:36:07', '7.79', '64'),
(24, 2, '2020-08-14', '20:36:23', '7.79', '64'),
(25, 2, '2020-08-14', '20:36:38', '7.79', '64'),
(26, 2, '2020-08-14', '20:36:53', '7.79', '64'),
(27, 2, '2020-08-14', '20:37:08', '7.79', '64'),
(28, 2, '2020-08-14', '20:37:23', '7.79', '64'),
(29, 2, '2020-08-14', '20:37:38', '7.79', '64'),
(30, 2, '2020-08-14', '20:37:53', '7.79', '63'),
(31, 2, '2020-08-14', '20:38:09', '7.79', '63'),
(32, 2, '2020-08-14', '20:38:24', '7.80', '63'),
(33, 2, '2020-08-14', '20:38:38', '7.80', '64'),
(34, 3, '2020-08-14', '20:38:53', '7.80', '65'),
(35, 3, '2020-08-14', '20:39:08', '7.80', '64'),
(36, 3, '2020-08-14', '20:39:23', '7.80', '64'),
(37, 3, '2020-08-14', '20:39:38', '7.80', '63'),
(38, 3, '2020-08-14', '20:39:53', '7.80', '64'),
(39, 3, '2020-08-14', '20:40:08', '7.80', '64'),
(40, 3, '2020-08-14', '20:40:23', '7.79', '65'),
(41, 3, '2020-08-14', '20:40:38', '7.79', '64'),
(42, 3, '2020-08-14', '20:40:53', '7.79', '64'),
(43, 3, '2020-08-14', '20:41:08', '7.79', '64'),
(44, 3, '2020-08-14', '20:41:23', '7.78', '65'),
(45, 3, '2020-08-14', '20:41:38', '7.78', '63'),
(46, 3, '2020-08-14', '20:41:53', '7.78', '63'),
(47, 3, '2020-08-14', '20:42:07', '7.78', '64'),
(48, 3, '2020-08-14', '20:42:22', '7.78', '63'),
(49, 3, '2020-08-14', '20:42:37', '7.78', '63'),
(50, 3, '2020-08-14', '20:42:52', '7.78', '63'),
(51, 3, '2020-08-14', '20:43:08', '7.79', '64'),
(52, 3, '2020-08-14', '20:43:23', '7.79', '63'),
(53, 3, '2020-08-14', '20:43:38', '7.79', '64'),
(54, 3, '2020-08-14', '20:43:53', '7.79', '63'),
(55, 3, '2020-08-14', '20:44:08', '7.78', '64'),
(56, 3, '2020-08-14', '20:44:23', '7.78', '63'),
(57, 3, '2020-08-14', '20:44:37', '7.78', '64'),
(58, 3, '2020-08-14', '20:44:52', '7.78', '64'),
(59, 3, '2020-08-14', '20:45:07', '7.78', '64'),
(60, 3, '2020-08-14', '20:45:22', '7.78', '64'),
(61, 3, '2020-08-14', '20:45:37', '7.78', '65'),
(62, 3, '2020-08-14', '20:45:52', '7.78', '63'),
(63, 3, '2020-08-14', '20:46:07', '7.78', '64'),
(64, 3, '2020-08-14', '20:46:22', '7.78', '64'),
(65, 3, '2020-08-14', '20:46:37', '7.78', '64'),
(66, 3, '2020-08-14', '20:46:52', '7.78', '63'),
(67, 3, '2020-08-14', '20:47:07', '7.78', '65'),
(68, 3, '2020-08-14', '20:47:22', '7.78', '64'),
(69, 3, '2020-08-14', '20:47:37', '7.78', '63'),
(70, 3, '2020-08-14', '20:47:51', '7.79', '63'),
(71, 3, '2020-08-14', '20:48:06', '7.79', '64'),
(72, 3, '2020-08-14', '20:48:21', '7.79', '63'),
(73, 3, '2020-08-14', '20:48:36', '7.79', '63'),
(74, 3, '2020-08-14', '20:48:50', '7.79', '64'),
(75, 3, '2020-08-14', '20:49:05', '7.79', '64'),
(76, 3, '2020-08-14', '20:49:20', '7.79', '64'),
(77, 3, '2020-08-14', '20:49:35', '7.79', '64'),
(78, 3, '2020-08-14', '20:49:50', '7.79', '64'),
(79, 3, '2020-08-14', '20:50:04', '7.79', '65'),
(80, 3, '2020-08-14', '20:50:19', '7.79', '64'),
(81, 3, '2020-08-14', '20:50:34', '7.79', '64'),
(82, 3, '2020-08-14', '20:50:49', '7.79', '64'),
(83, 3, '2020-08-14', '20:51:03', '7.80', '63'),
(84, 3, '2020-08-14', '20:51:18', '7.80', '64'),
(85, 3, '2020-08-14', '20:51:33', '7.80', '63'),
(86, 3, '2020-08-14', '20:51:48', '7.79', '64'),
(87, 3, '2020-08-14', '20:52:04', '7.79', '64'),
(88, 3, '2020-08-14', '20:52:18', '7.79', '64'),
(89, 3, '2020-08-14', '20:52:33', '7.79', '64'),
(90, 3, '2020-08-14', '20:52:48', '7.79', '64'),
(91, 3, '2020-08-14', '20:53:03', '7.79', '64'),
(92, 3, '2020-08-14', '20:53:17', '7.79', '65'),
(93, 3, '2020-08-14', '20:53:33', '7.79', '65'),
(94, 3, '2020-08-14', '20:53:47', '7.79', '65'),
(95, 3, '2020-08-14', '20:54:02', '7.78', '64'),
(96, 3, '2020-08-14', '20:54:17', '7.78', '63'),
(97, 3, '2020-08-14', '20:54:32', '7.78', '63'),
(98, 3, '2020-08-14', '20:54:46', '7.78', '63'),
(99, 3, '2020-08-14', '20:55:01', '7.79', '63'),
(100, 3, '2020-08-14', '20:55:16', '7.79', '63'),
(101, 3, '2020-08-14', '20:55:30', '7.79', '64'),
(102, 3, '2020-08-14', '20:55:45', '7.79', '63'),
(103, 3, '2020-08-14', '20:56:00', '7.79', '64'),
(104, 3, '2020-08-14', '20:56:15', '7.79', '63'),
(105, 3, '2020-08-14', '20:56:29', '7.79', '63'),
(106, 3, '2020-08-14', '20:56:44', '7.79', '64'),
(107, 3, '2020-08-14', '20:56:59', '7.79', '65'),
(108, 3, '2020-08-14', '20:57:14', '7.79', '64'),
(109, 3, '2020-08-14', '20:57:28', '7.79', '64'),
(110, 3, '2020-08-14', '20:57:43', '7.79', '63'),
(111, 3, '2020-08-14', '20:57:58', '7.79', '63'),
(112, 3, '2020-08-14', '20:58:13', '7.79', '63'),
(113, 3, '2020-08-14', '20:58:27', '7.78', '63'),
(114, 3, '2020-08-14', '20:58:42', '7.78', '64'),
(115, 3, '2020-08-14', '20:58:57', '7.78', '63'),
(116, 3, '2020-08-14', '20:59:12', '7.78', '64'),
(117, 3, '2020-08-14', '20:59:26', '7.78', '63'),
(118, 3, '2020-08-14', '20:59:41', '7.78', '63'),
(119, 3, '2020-08-14', '20:59:56', '7.78', '64'),
(120, 3, '2020-08-14', '21:00:10', '7.77', '63'),
(121, 3, '2020-08-14', '21:00:25', '7.77', '63'),
(122, 3, '2020-08-14', '21:00:40', '7.77', '63'),
(123, 3, '2020-08-14', '21:00:55', '7.77', '64'),
(124, 3, '2020-08-14', '21:01:10', '7.77', '63'),
(125, 3, '2020-08-14', '21:01:26', '7.77', '63'),
(126, 3, '2020-08-14', '21:01:42', '7.77', '63'),
(127, 3, '2020-08-14', '21:01:57', '7.77', '64'),
(128, 3, '2020-08-14', '21:02:11', '7.77', '64'),
(129, 3, '2020-08-14', '21:02:26', '7.77', '63'),
(130, 3, '2020-08-14', '21:02:41', '7.77', '64'),
(131, 3, '2020-08-14', '21:02:56', '7.77', '65'),
(132, 3, '2020-08-14', '21:03:11', '7.78', '68'),
(133, 3, '2020-08-14', '21:03:28', '7.77', '64'),
(134, 3, '2020-08-14', '21:03:42', '7.77', '64'),
(135, 3, '2020-08-14', '21:03:57', '7.78', '64'),
(136, 3, '2020-08-14', '21:04:13', '7.77', '64'),
(137, 3, '2020-08-14', '21:04:28', '7.78', '64'),
(138, 3, '2020-08-14', '21:04:43', '7.77', '64'),
(139, 3, '2020-08-14', '21:04:58', '7.78', '66'),
(140, 3, '2020-08-14', '21:05:13', '7.78', '64'),
(141, 3, '2020-08-14', '21:05:28', '7.78', '64'),
(142, 3, '2020-08-14', '21:05:43', '7.78', '64'),
(143, 3, '2020-08-14', '21:05:59', '7.78', '64'),
(144, 3, '2020-08-14', '21:06:14', '7.78', '66'),
(145, 3, '2020-08-14', '21:06:28', '7.78', '64'),
(146, 3, '2020-08-14', '21:06:43', '7.78', '64'),
(147, 3, '2020-08-14', '21:06:58', '7.78', '64'),
(148, 3, '2020-08-14', '21:07:13', '7.78', '64'),
(149, 3, '2020-08-14', '21:07:29', '7.78', '64'),
(150, 3, '2020-08-14', '21:07:44', '7.79', '64'),
(151, 3, '2020-08-14', '21:07:59', '7.79', '64'),
(152, 3, '2020-08-14', '21:08:14', '7.79', '64'),
(153, 3, '2020-08-14', '21:08:29', '7.79', '66'),
(154, 3, '2020-08-14', '21:08:44', '7.80', '66'),
(155, 3, '2020-08-14', '21:08:59', '7.79', '66'),
(156, 3, '2020-08-14', '21:09:15', '7.79', '64'),
(157, 3, '2020-08-14', '21:09:30', '7.79', '64'),
(158, 3, '2020-08-14', '21:09:46', '7.79', '64'),
(159, 3, '2020-08-14', '21:10:01', '7.79', '64'),
(160, 3, '2020-08-14', '21:10:16', '7.79', '66'),
(161, 3, '2020-08-14', '21:10:31', '7.79', '64'),
(162, 3, '2020-08-14', '21:10:46', '7.78', '64'),
(163, 3, '2020-08-14', '21:11:02', '7.78', '64'),
(164, 3, '2020-08-14', '21:11:17', '7.78', '64'),
(165, 3, '2020-08-14', '21:11:32', '7.77', '64'),
(166, 3, '2020-08-14', '21:11:47', '7.77', '64'),
(167, 3, '2020-08-14', '21:12:02', '7.77', '64'),
(168, 3, '2020-08-14', '21:12:17', '7.77', '64'),
(169, 3, '2020-08-14', '21:12:32', '7.77', '64'),
(170, 3, '2020-08-14', '21:12:47', '7.77', '64'),
(171, 3, '2020-08-14', '21:13:03', '7.77', '64'),
(172, 3, '2020-08-14', '21:13:18', '7.77', '66'),
(173, 3, '2020-08-14', '21:13:33', '7.78', '64'),
(174, 3, '2020-08-14', '21:13:49', '7.78', '64'),
(175, 3, '2020-08-14', '21:14:04', '7.78', '64'),
(176, 3, '2020-08-14', '21:14:19', '7.79', '64'),
(177, 3, '2020-08-14', '21:14:34', '7.79', '66'),
(178, 3, '2020-08-14', '21:14:49', '7.80', '64'),
(179, 3, '2020-08-14', '21:15:04', '7.80', '64'),
(180, 3, '2020-08-14', '21:15:19', '7.80', '65'),
(181, 3, '2020-08-14', '21:15:34', '7.80', '65'),
(182, 3, '2020-08-14', '21:15:49', '7.80', '65'),
(183, 3, '2020-08-14', '21:16:04', '7.80', '64'),
(184, 3, '2020-08-14', '21:16:20', '7.80', '64'),
(185, 3, '2020-08-14', '21:16:35', '7.80', '64'),
(186, 3, '2020-08-14', '21:16:50', '7.80', '64'),
(187, 3, '2020-08-14', '21:17:05', '7.80', '64'),
(188, 3, '2020-08-14', '21:17:20', '7.80', '64'),
(189, 3, '2020-08-14', '21:17:35', '7.80', '64'),
(190, 3, '2020-08-14', '21:17:50', '7.79', '64'),
(191, 3, '2020-08-14', '21:18:05', '7.79', '64'),
(192, 3, '2020-08-14', '21:18:20', '7.79', '66'),
(193, 3, '2020-08-14', '21:18:36', '7.79', '64'),
(194, 3, '2020-08-14', '21:18:51', '7.79', '64'),
(195, 3, '2020-08-14', '21:19:06', '7.79', '64'),
(196, 3, '2020-08-14', '21:19:21', '7.79', '64'),
(197, 3, '2020-08-14', '21:19:36', '7.79', '64'),
(198, 3, '2020-08-14', '21:19:50', '7.79', '64'),
(199, 3, '2020-08-14', '21:20:05', '7.79', '64'),
(200, 3, '2020-08-14', '21:20:20', '7.79', '64'),
(201, 3, '2020-08-14', '21:20:35', '7.79', '64'),
(202, 3, '2020-08-14', '21:20:50', '7.79', '64'),
(203, 3, '2020-08-14', '21:21:05', '7.79', '64'),
(204, 3, '2020-08-14', '21:21:20', '7.79', '64'),
(205, 3, '2020-08-14', '21:21:35', '7.79', '64'),
(206, 3, '2020-08-14', '21:21:50', '7.79', '64'),
(207, 3, '2020-08-14', '21:22:05', '7.79', '64'),
(208, 3, '2020-08-14', '21:22:21', '7.80', '66'),
(209, 3, '2020-08-14', '21:22:36', '7.80', '66'),
(210, 3, '2020-08-14', '21:22:51', '7.81', '65'),
(211, 3, '2020-08-14', '21:23:07', '7.80', '64'),
(212, 3, '2020-08-14', '21:23:22', '7.80', '64'),
(213, 3, '2020-08-14', '21:23:38', '7.80', '65'),
(214, 3, '2020-08-14', '21:23:55', '7.80', '64'),
(215, 3, '2020-08-14', '21:24:09', '7.80', '64'),
(216, 3, '2020-08-14', '21:24:25', '7.80', '64'),
(217, 3, '2020-08-14', '21:24:39', '7.80', '64'),
(218, 3, '2020-08-14', '21:24:54', '7.80', '64'),
(219, 3, '2020-08-14', '21:25:09', '7.79', '64'),
(220, 3, '2020-08-14', '21:25:23', '7.79', '64'),
(221, 3, '2020-08-14', '21:25:38', '7.79', '64'),
(222, 3, '2020-08-14', '21:25:53', '7.79', '64'),
(223, 3, '2020-08-14', '21:26:08', '7.79', '64'),
(224, 3, '2020-08-14', '21:26:22', '7.79', '64'),
(225, 3, '2020-08-14', '21:26:37', '7.78', '64'),
(226, 3, '2020-08-14', '21:26:52', '7.78', '64'),
(227, 3, '2020-08-14', '21:27:07', '7.78', '65'),
(228, 3, '2020-08-14', '21:27:21', '7.78', '64'),
(229, 3, '2020-08-14', '21:27:36', '7.78', '64'),
(230, 3, '2020-08-14', '21:27:52', '7.78', '64'),
(231, 3, '2020-08-14', '21:28:08', '7.78', '64'),
(232, 3, '2020-08-14', '21:28:23', '7.78', '64'),
(233, 3, '2020-08-14', '21:28:37', '7.79', '66'),
(234, 3, '2020-08-14', '21:28:52', '7.79', '64'),
(235, 3, '2020-08-14', '21:29:07', '7.79', '64'),
(236, 3, '2020-08-14', '21:29:22', '7.79', '64'),
(237, 3, '2020-08-14', '21:29:37', '7.80', '64'),
(238, 3, '2020-08-14', '21:29:52', '7.80', '64'),
(239, 3, '2020-08-14', '21:30:07', '7.80', '64'),
(240, 3, '2020-08-14', '21:30:21', '7.81', '64'),
(241, 3, '2020-08-14', '21:30:36', '7.81', '64'),
(242, 3, '2020-08-14', '21:30:51', '7.81', '64'),
(243, 3, '2020-08-14', '21:31:06', '7.82', '64'),
(244, 3, '2020-08-14', '21:31:21', '7.82', '64'),
(245, 3, '2020-08-14', '21:31:36', '7.82', '64'),
(246, 3, '2020-08-14', '21:31:51', '7.82', '64'),
(247, 3, '2020-08-14', '21:32:05', '7.82', '64'),
(248, 3, '2020-08-14', '21:32:21', '7.83', '64'),
(249, 3, '2020-08-14', '21:32:38', '7.83', '64'),
(250, 3, '2020-08-14', '21:32:53', '7.83', '64'),
(251, 3, '2020-08-14', '21:33:08', '7.83', '64'),
(252, 3, '2020-08-14', '21:33:23', '7.83', '66'),
(253, 3, '2020-08-14', '21:33:39', '7.83', '64'),
(254, 3, '2020-08-14', '21:34:14', '7.83', '64'),
(255, 3, '2020-08-14', '21:34:30', '7.82', '65'),
(256, 3, '2020-08-14', '21:34:46', '7.82', '64'),
(257, 3, '2020-08-14', '21:35:01', '7.82', '64'),
(258, 3, '2020-08-14', '21:35:16', '7.81', '64'),
(259, 3, '2020-08-14', '21:35:31', '7.81', '64'),
(260, 3, '2020-08-14', '21:35:45', '7.81', '64'),
(261, 3, '2020-08-14', '21:36:00', '7.81', '64'),
(262, 3, '2020-08-14', '21:36:15', '7.80', '64'),
(263, 3, '2020-08-14', '21:36:30', '7.80', '64'),
(264, 3, '2020-08-14', '21:36:44', '7.80', '64'),
(265, 3, '2020-08-14', '21:36:59', '7.80', '64'),
(266, 3, '2020-08-14', '21:37:14', '7.80', '64'),
(267, 3, '2020-08-14', '21:37:29', '7.80', '64'),
(268, 3, '2020-08-14', '21:37:43', '7.80', '64'),
(269, 3, '2020-08-14', '21:37:58', '7.79', '65'),
(270, 3, '2020-08-14', '21:38:13', '7.79', '64'),
(271, 3, '2020-08-14', '21:38:28', '7.79', '64'),
(272, 3, '2020-08-14', '21:38:42', '7.79', '64'),
(273, 3, '2020-08-14', '21:38:57', '7.78', '64'),
(274, 3, '2020-08-14', '21:39:13', '7.78', '64'),
(275, 3, '2020-08-14', '21:39:27', '7.78', '64'),
(276, 3, '2020-08-14', '21:39:42', '7.78', '64'),
(277, 3, '2020-08-14', '21:39:57', '7.78', '65'),
(278, 3, '2020-08-14', '21:40:12', '7.78', '64');

-- --------------------------------------------------------

--
-- Struktur dari tabel `pelanggan`
--

CREATE TABLE `pelanggan` (
  `id` int(11) NOT NULL,
  `nama` varchar(30) NOT NULL,
  `jenis_air` varchar(30) NOT NULL
) ENGINE=InnoDB DEFAULT CHARSET=utf8mb4;

--
-- Dumping data untuk tabel `pelanggan`
--

INSERT INTO `pelanggan` (`id`, `nama`, `jenis_air`) VALUES
(1, 'Ahmad Fahrijal Pukeng', 'aqua'),
(2, 'pukeng', 'air sungai mahakam'),
(3, 'Jeriawan', 'Peju');

--
-- Indexes for dumped tables
--

--
-- Indeks untuk tabel `admin`
--
ALTER TABLE `admin`
  ADD PRIMARY KEY (`userid`);

--
-- Indeks untuk tabel `data`
--
ALTER TABLE `data`
  ADD PRIMARY KEY (`no`),
  ADD KEY `pelanggan` (`id_pelanggan`);

--
-- Indeks untuk tabel `pelanggan`
--
ALTER TABLE `pelanggan`
  ADD PRIMARY KEY (`id`);

--
-- AUTO_INCREMENT untuk tabel yang dibuang
--

--
-- AUTO_INCREMENT untuk tabel `admin`
--
ALTER TABLE `admin`
  MODIFY `userid` int(10) NOT NULL AUTO_INCREMENT, AUTO_INCREMENT=3;

--
-- AUTO_INCREMENT untuk tabel `data`
--
ALTER TABLE `data`
  MODIFY `no` int(11) NOT NULL AUTO_INCREMENT, AUTO_INCREMENT=279;

--
-- AUTO_INCREMENT untuk tabel `pelanggan`
--
ALTER TABLE `pelanggan`
  MODIFY `id` int(11) NOT NULL AUTO_INCREMENT, AUTO_INCREMENT=4;
COMMIT;

/*!40101 SET CHARACTER_SET_CLIENT=@OLD_CHARACTER_SET_CLIENT */;
/*!40101 SET CHARACTER_SET_RESULTS=@OLD_CHARACTER_SET_RESULTS */;
/*!40101 SET COLLATION_CONNECTION=@OLD_COLLATION_CONNECTION */;
